{"cameraMode":{"drawMode":0,"name":"Shaded","section":"Shading Mode"},"sceneLighting":true,"audioPlay":false,"sceneViewState":{"m_AlwaysRefresh":false,"showFog":true,"showSkybox":true,"showFlares":true,"showImageEffects":true,"showParticleSystems":true,"showVisualEffectGraphs":true,"m_FxEnabled":true},"in2DMode":false,"pivot":{"x":761.5662231445313,"y":664.8428344726563,"z":-14.4705810546875},"rotation":{"x":0.014672444202005864,"y":-0.04887760058045387,"z":-0.0007177528459578753,"w":-0.9987002015113831},"size":670.3528442382813,"orthographic":false}