{"cameraMode":{"drawMode":0,"name":"Shaded","section":"Shading Mode"},"sceneLighting":false,"audioPlay":false,"sceneViewState":{"m_AlwaysRefresh":false,"showFog":true,"showSkybox":false,"showFlares":true,"showImageEffects":true,"showParticleSystems":true,"showVisualEffectGraphs":true,"m_FxEnabled":true},"in2DMode":false,"pivot":{"x":24.106433868408204,"y":407.9564208984375,"z":-1.75213623046875},"rotation":{"x":-0.00030991528183221817,"y":0.009597011841833592,"z":5.056695044913795e-7,"w":-0.9999658465385437},"size":344.8828430175781,"orthographic":false}